<?xml version="1.0" encoding="UTF-8"?>
<project-private xmlns="http://www.netbeans.org/ns/project-private/1">
    <editor-bookmarks xmlns="http://www.netbeans.org/ns/editor-bookmarks/2" lastBookmarkId="1">
        <file>
            <url>src/glgl/data/GLGLData.java</url>
            <bookmark id="1">
                <name/>
                <line>53</line>
                <key/>
            </bookmark>
        </file>
    </editor-bookmarks>
    <open-files xmlns="http://www.netbeans.org/ns/projectui-open-files/2">
        <group>
            <file>file:/C:/newTest/apps/Gologolo/src/glgl/workspace/controllers/ItemsController.java</file>
            <file>file:/C:/newTest/apps/Gologolo/app_data/recent/RecentWork.txt</file>
            <file>file:/C:/newTest/apps/Gologolo/src/glgl/data/GLGLCirclePrototype.java</file>
            <file>file:/C:/newTest/apps/Gologolo/src/glgl/data/GLGLRectanglePrototype.java</file>
            <file>file:/C:/newTest/apps/Gologolo/src/glgl/data/GLGLTextPrototype.java</file>
            <file>file:/C:/newTest/apps/Gologolo/src/glgl/workspace/GLGLWorkspace.java</file>
            <file>file:/C:/newTest/apps/Gologolo/src/glgl/data/GLGLImagePrototype.java</file>
        </group>
    </open-files>
</project-private>
